{"vectorizer": ["about", "adel", "alice", "alpha", "amiya", "beans", "beta", "bibeak", "bison", "bob", "bread", "burn", "but", "can", "ceobe", "ch", "character", "cuora", "david", "diner", "dirty", "dummy", "en", "example", "exusiai", "eyjafjalla", "fang", "female", "firewatch", "floor", "franka", "frostleaf", "game", "gamma", "greetings", "guide", "having", "hello", "help", "his", "hoshiguma", "hot", "huh", "if", "ifrit", "in", "ipsum", "jessica", "john", "just", "known", "lappland", "late", "leone", "lethargic", "liberated", "liskarm", "logos", "longer", "lorem", "love", "magallan", "manticore", "mayer", "me", "medic", "melantha", "michael", "nearl", "nightingale", "no", "one", "only", "operator", "patch", "person", "pff", "pretty", "ptilopsis", "random", "re", "renegade", "sarah", "saria", "scavenger", "sigh", "silverash", "skadi", "smith", "so", "sussurro", "tank", "test", "texas", "that", "the", "this", "today", "tongue", "too", "tutorial", "twice", "ve", "visit", "voice", "walked", "what", "who", "wi\u0161", "woodrow", "world", "worried", "would", "you"], "classes": [0, 1], "feature_log_prob": [[-4.620058798481842, -5.313205979041787, -4.620058798481842, -4.620058798481842, -5.313205979041787, -4.620058798481842, -4.620058798481842, -5.313205979041787, -5.313205979041787, -4.620058798481842, -4.620058798481842, -4.620058798481842, -4.620058798481842, -4.214593690373677, -5.313205979041787, -5.313205979041787, -4.620058798481842, -5.313205979041787, -4.620058798481842, -4.620058798481842, -4.620058798481842, -4.620058798481842, -5.313205979041787, -4.620058798481842, -5.313205979041787, -5.313205979041787, -5.313205979041787, -4.620058798481842, -5.313205979041787, -4.620058798481842, -5.313205979041787, -5.313205979041787, -4.620058798481842, -4.620058798481842, -4.620058798481842, -4.620058798481842, -4.620058798481842, -4.620058798481842, -4.620058798481842, -4.620058798481842, -5.313205979041787, -4.620058798481842, -4.620058798481842, -4.214593690373677, -5.313205979041787, -3.9269116179218964, -4.620058798481842, -5.313205979041787, -4.620058798481842, -4.214593690373677, -4.620058798481842, -5.313205979041787, -4.620058798481842, -5.313205979041787, -4.620058798481842, -5.313205979041787, -5.313205979041787, -5.313205979041787, -4.620058798481842, -4.620058798481842, -4.620058798481842, -5.313205979041787, -5.313205979041787, -5.313205979041787, -4.620058798481842, -4.620058798481842, -5.313205979041787, -4.620058798481842, -5.313205979041787, -5.313205979041787, -4.620058798481842, -4.620058798481842, -4.620058798481842, -4.620058798481842, -4.620058798481842, -4.620058798481842, -4.620058798481842, -4.620058798481842, -5.313205979041787, -4.620058798481842, -4.214593690373677, -4.620058798481842, -4.620058798481842, -5.313205979041787, -5.313205979041787, -4.620058798481842, -5.313205979041787, -5.313205979041787, -4.620058798481842, -4.620058798481842, -5.313205979041787, -4.620058798481842, -4.620058798481842, -5.313205979041787, -4.620058798481842, -3.9269116179218964, -4.620058798481842, -4.620058798481842, -4.620058798481842, -4.620058798481842, -4.620058798481842, -4.620058798481842, -4.620058798481842, -4.620058798481842, -4.620058798481842, -4.620058798481842, -4.214593690373677, -4.620058798481842, -5.313205979041787, -4.620058798481842, -4.620058798481842, -4.620058798481842, -4.620058798481842, -3.9269116179218964], [-5.017279836814924, -4.324132656254979, -5.017279836814924, -5.017279836814924, -4.324132656254979, -5.017279836814924, -5.017279836814924, -4.324132656254979, -4.324132656254979, -5.017279836814924, -5.017279836814924, -5.017279836814924, -5.017279836814924, -5.017279836814924, -4.324132656254979, -4.324132656254979, -5.017279836814924, -4.324132656254979, -5.017279836814924, -5.017279836814924, -5.017279836814924, -5.017279836814924, -4.324132656254979, -5.017279836814924, -4.324132656254979, -4.324132656254979, -4.324132656254979, -5.017279836814924, -4.324132656254979, -5.017279836814924, -4.324132656254979, -4.324132656254979, -5.017279836814924, -5.017279836814924, -5.017279836814924, -5.017279836814924, -5.017279836814924, -5.017279836814924, -5.017279836814924, -5.017279836814924, -4.324132656254979, -5.017279836814924, -5.017279836814924, -5.017279836814924, -4.324132656254979, -5.017279836814924, -5.017279836814924, -4.324132656254979, -5.017279836814924, -5.017279836814924, -5.017279836814924, -4.324132656254979, -5.017279836814924, -4.324132656254979, -5.017279836814924, -4.324132656254979, -4.324132656254979, -4.324132656254979, -5.017279836814924, -5.017279836814924, -5.017279836814924, -4.324132656254979, -4.324132656254979, -4.324132656254979, -5.017279836814924, -5.017279836814924, -4.324132656254979, -5.017279836814924, -4.324132656254979, -4.324132656254979, -5.017279836814924, -5.017279836814924, -5.017279836814924, -5.017279836814924, -5.017279836814924, -5.017279836814924, -5.017279836814924, -5.017279836814924, -4.324132656254979, -5.017279836814924, -5.017279836814924, -5.017279836814924, -5.017279836814924, -4.324132656254979, -4.324132656254979, -5.017279836814924, -4.324132656254979, -4.324132656254979, -5.017279836814924, -5.017279836814924, -4.324132656254979, -5.017279836814924, -5.017279836814924, -4.324132656254979, -5.017279836814924, -4.324132656254979, -5.017279836814924, -5.017279836814924, -5.017279836814924, -5.017279836814924, -5.017279836814924, -5.017279836814924, -5.017279836814924, -5.017279836814924, -5.017279836814924, -5.017279836814924, -5.017279836814924, -5.017279836814924, -4.324132656254979, -5.017279836814924, -5.017279836814924, -5.017279836814924, -5.017279836814924, -5.017279836814924]]}